metric,before,after,removed,removed_percent
participants,81,61,20,24.691358024691358
trials,298,203,95,31.879194630872483
