age_group,min_age_months,max_age_months,min_age_continuous,max_age_continuous
5,4,6,136.666666666667,197.5
12,11,13,349.583333333333,410.416666666667
18,17,19,532.083333333333,592.916666666667
